path	sha256
btree.hpp	15d9a941038cee26cbc90f78f5e9d5c22da06831e97bff79d8244110b203c0c4
deps/bash/LICENSE	49bf33cf78ef5897e4e161ce1517df7de1ae5042a65b6bcfd44401e0fc606559
deps/bash/src/parser.c	b9cff39a81cf3e6e06f2dc8d9610f49bb947bea08c54aaf880955e40e0e9c3d5
deps/bash/src/scanner.c	cd589544f07eed1b9a12233c1dd6406a64ae874ee7db8a5b9407297896001202
deps/bash/src/tree_sitter/alloc.h	b29c1c9fb7cc82f58c84b376df1297d6e2737a1d655fd356db0859e3c29c2fea
deps/bash/src/tree_sitter/array.h	4ff743903dc46f5db6aa54f31c6b4d160a8a9779e5b2ab1ee59ae7ebcd850ea1
deps/bash/src/tree_sitter/parser.h	a1f6ef161fbaf48a0e10fca90ef5290a062462b307b3898aa562993853b9f80a
deps/c/LICENSE	2e0110e07abef7c2548b26ec9d6969775617ca539a0dc8dbeeb14d6452c711d1
deps/c/src/parser.c	e1b618bc80b8983b43893f98ce1bd8a23a3ccc7d726bed6624b5c4c6c85d5e1c
deps/c/src/tree_sitter/alloc.h	b29c1c9fb7cc82f58c84b376df1297d6e2737a1d655fd356db0859e3c29c2fea
deps/c/src/tree_sitter/array.h	5bdf6ed1a78e3409fd443e085ca967a64c188a5d082aaf7f819bccd53a471c94
deps/c/src/tree_sitter/parser.h	180b893c8734778fd32f372dfbc27bd6ad1cd2221f26150b31256ff6716320d2
deps/cpp/LICENSE	2e0110e07abef7c2548b26ec9d6969775617ca539a0dc8dbeeb14d6452c711d1
deps/cpp/src/parser.c	2a35a43b4af6c9f7b69624ac00c2c50808912591450dc79c05dea03ac1bae814
deps/cpp/src/scanner.c	cf60387d290271f4d2fb558d0569b2b9ef879cb72206a9df5cc73b0b1a4b20ff
deps/cpp/src/tree_sitter/alloc.h	b29c1c9fb7cc82f58c84b376df1297d6e2737a1d655fd356db0859e3c29c2fea
deps/cpp/src/tree_sitter/array.h	4ff743903dc46f5db6aa54f31c6b4d160a8a9779e5b2ab1ee59ae7ebcd850ea1
deps/cpp/src/tree_sitter/parser.h	a1f6ef161fbaf48a0e10fca90ef5290a062462b307b3898aa562993853b9f80a
deps/csharp/LICENSE	778fb7d63b8c1844da315648c02f325c4713a6f4a5d19644fd413421422776d3
deps/csharp/src/parser.c	0a2651e49de7c7237c535c41a132a7ec0424da79d12f197f1df3edd7d6ea4427
deps/csharp/src/scanner.c	e36d44696dfaca525006648a1355129da3ac75e2cda77a626ea2c0dc1348ae40
deps/csharp/src/tree_sitter/alloc.h	b29c1c9fb7cc82f58c84b376df1297d6e2737a1d655fd356db0859e3c29c2fea
deps/csharp/src/tree_sitter/array.h	31e60a1bff6f715afacce03b5b70efe42b58371b4f9595dd4af52a577ff9608c
deps/csharp/src/tree_sitter/parser.h	180b893c8734778fd32f372dfbc27bd6ad1cd2221f26150b31256ff6716320d2
deps/cuda/LICENSE	f44d7107a33801260dc82624c91a71ebf5918b4038a0fb0e3ef60e2dd9ba1999
deps/cuda/src/parser.c	f26124867342e5a14682e57be5a15301819a60a792a8537f5787739c2942f0d7
deps/cuda/src/scanner.c	31da79aef61980aaefa8d5bfd8a38e3a5930051d06ea2959a30b0e34e2c921ea
deps/cuda/src/tree_sitter/alloc.h	b29c1c9fb7cc82f58c84b376df1297d6e2737a1d655fd356db0859e3c29c2fea
deps/cuda/src/tree_sitter/array.h	5bdf6ed1a78e3409fd443e085ca967a64c188a5d082aaf7f819bccd53a471c94
deps/cuda/src/tree_sitter/parser.h	180b893c8734778fd32f372dfbc27bd6ad1cd2221f26150b31256ff6716320d2
deps/dart/LICENSE	d270cb3a4985d75033bd77d875ccebff1d66e32788a3f727891e28d76132dd46
deps/dart/src/parser.c	af2c6d473ddd54f56603db77fa35e0bdbc8e4fb92d41c4bac69dc7e510eb9ca4
deps/dart/src/scanner.c	07a7b7818b175e9460523e705dd88d20f7b5141bac95c593d4426e6d52284996
deps/dart/src/tree_sitter/alloc.h	b29c1c9fb7cc82f58c84b376df1297d6e2737a1d655fd356db0859e3c29c2fea
deps/dart/src/tree_sitter/array.h	31e60a1bff6f715afacce03b5b70efe42b58371b4f9595dd4af52a577ff9608c
deps/dart/src/tree_sitter/parser.h	180b893c8734778fd32f372dfbc27bd6ad1cd2221f26150b31256ff6716320d2
deps/doctest/CMakeLists.txt	5c342be7cbe4e14f19c95f6d2c3fa20f13f389ce4bb9e5833b6c18c4cbd822b5
deps/doctest/LICENSE.txt	0fe0b331fa1513dcce8604ff1fa925f32d1cea17d8aeb1c2471fad40d291adc5
deps/doctest/doctest/BUILD.bazel	0180e240c08b72a5a6c685300fac205d9144452fbf322cf0a3ae324d4636cb94
deps/doctest/doctest/doctest.h	94029a7d32da24a56249658147dbd2b33ff0b9ed665295cbbaf19aafff5b0ced
deps/doctest/doctest/parts/doctest.cpp	25404a1d83aa17680ee68cc33bc47f9cd130d23af26d672c3fac6de67ec60d3b
deps/doctest/doctest/parts/doctest_fwd.h	be9d972fe92e834e9b5901390716dba987407bfebc13c842b381dd2e686cb73d
deps/doctest/scripts/cmake/Config.cmake.in	7220fc4e5ad0b30831a95af2f879c7ed7f91eee11d02bb05bb397e1292ac3e4d
deps/doctest/scripts/cmake/assemble_single_header.cmake	838ec6a1a13679a2b783744561f6f405c534db4ff6d809685595e5b53d1b6aa1
deps/doctest/scripts/cmake/common.cmake	184f912a9a06d07eed899a5e399934f66fc3ba0036f20d366d50f6896a70e841
deps/doctest/scripts/cmake/doctest.cmake	671d9715e33e84a990a55a145a120b8e5d47583cbf84595dfe133e3b853bc4d1
deps/doctest/scripts/cmake/doctestAddTests.cmake	68ff6641f7fed897e8579be58b96d01cd5a3cae3abe9ecb185e2d0a94ff7cce2
deps/doctest/scripts/cmake/exec_test.cmake	be0a1df5b295938a9741b27b03d9562cc8e24d01ddefb98097cde01df4422f46
deps/doctest/scripts/version.txt	9c6b0ab6219d16f8c07bcede9dad8a8666e18415dd3127215bb10747f45a8633
deps/elixir/LICENSE	a6cba85bc92e0cff7a450b1d873c0eaa2e9fc96bf472df0247a26bec77bf3ff9
deps/elixir/NOTICE	119588423fbaa46a6955a044fee5a23338c7de190d8c4651a94c6d0b98ca2cda
deps/elixir/src/parser.c	d1c2000b477e873e44e485f55809e3af7e2bfce83fa4d58cfa3a9f83660e7d79
deps/elixir/src/scanner.c	2d49d8974f7fdf0d38bdb7ed792f7a60aa87dd087b0c0bb469cd5b138b08ba57
deps/elixir/src/tree_sitter/alloc.h	b29c1c9fb7cc82f58c84b376df1297d6e2737a1d655fd356db0859e3c29c2fea
deps/elixir/src/tree_sitter/array.h	4ff743903dc46f5db6aa54f31c6b4d160a8a9779e5b2ab1ee59ae7ebcd850ea1
deps/elixir/src/tree_sitter/parser.h	a1f6ef161fbaf48a0e10fca90ef5290a062462b307b3898aa562993853b9f80a
deps/gdscript/LICENSE	d724405ce238a22c0d35769c5a36b386ad5958192efe8bbb304fb2896254575f
deps/gdscript/src/parser.c	8b0750fec9025612d6d125e80e39d08ab13349c7094028571566f020880f3822
deps/gdscript/src/scanner.c	175188924474f3265c49ac364695036136eb69ced21ac5e6a23e3a9d9c4a2e75
deps/gdscript/src/tree_sitter/alloc.h	253b44a7b4313a7afd0c505c2fc6e7ce4b8e78955ebf4be3ea000532ec060673
deps/gdscript/src/tree_sitter/array.h	4ff743903dc46f5db6aa54f31c6b4d160a8a9779e5b2ab1ee59ae7ebcd850ea1
deps/gdscript/src/tree_sitter/parser.h	a3eb18ef034b3f4255b965a26caa276f9cfe13a79573b402f1a12dc5018052aa
deps/go/LICENSE	2e0110e07abef7c2548b26ec9d6969775617ca539a0dc8dbeeb14d6452c711d1
deps/go/src/parser.c	3e412fb341a5ccb20455b34a8e3c1068cc064bd044146255fd47442458f5d575
deps/go/src/tree_sitter/alloc.h	b29c1c9fb7cc82f58c84b376df1297d6e2737a1d655fd356db0859e3c29c2fea
deps/go/src/tree_sitter/array.h	4ff743903dc46f5db6aa54f31c6b4d160a8a9779e5b2ab1ee59ae7ebcd850ea1
deps/go/src/tree_sitter/parser.h	a1f6ef161fbaf48a0e10fca90ef5290a062462b307b3898aa562993853b9f80a
deps/java/LICENSE	52ed137b039cd9c46409bc22e89938af911c95b157feae2d040b51e6084369a7
deps/java/src/parser.c	4add5150cf4531eb5dd97f3343dcf65cd11704c84711348b328582b83424a0e4
deps/java/src/tree_sitter/alloc.h	b29c1c9fb7cc82f58c84b376df1297d6e2737a1d655fd356db0859e3c29c2fea
deps/java/src/tree_sitter/array.h	5bdf6ed1a78e3409fd443e085ca967a64c188a5d082aaf7f819bccd53a471c94
deps/java/src/tree_sitter/parser.h	a1f6ef161fbaf48a0e10fca90ef5290a062462b307b3898aa562993853b9f80a
deps/javascript/LICENSE	2e0110e07abef7c2548b26ec9d6969775617ca539a0dc8dbeeb14d6452c711d1
deps/javascript/src/parser.c	1150721590eca3c7b6623c7dc3498184f3e22c5d895a08b4806ebf5804f817c3
deps/javascript/src/scanner.c	b3d3f64284d97bf80749c026862427782cf7ecc0b7dc094e6698ab311c9a42c7
deps/javascript/src/tree_sitter/alloc.h	b29c1c9fb7cc82f58c84b376df1297d6e2737a1d655fd356db0859e3c29c2fea
deps/javascript/src/tree_sitter/array.h	4ff743903dc46f5db6aa54f31c6b4d160a8a9779e5b2ab1ee59ae7ebcd850ea1
deps/javascript/src/tree_sitter/parser.h	a1f6ef161fbaf48a0e10fca90ef5290a062462b307b3898aa562993853b9f80a
deps/json/LICENSE	2e0110e07abef7c2548b26ec9d6969775617ca539a0dc8dbeeb14d6452c711d1
deps/json/src/parser.c	e8e1ff5df0d73e3b82574129724e68ef4fa0faf1b8c43dd3f5c1a84839f830ab
deps/json/src/tree_sitter/alloc.h	b29c1c9fb7cc82f58c84b376df1297d6e2737a1d655fd356db0859e3c29c2fea
deps/json/src/tree_sitter/array.h	4ff743903dc46f5db6aa54f31c6b4d160a8a9779e5b2ab1ee59ae7ebcd850ea1
deps/json/src/tree_sitter/parser.h	a1f6ef161fbaf48a0e10fca90ef5290a062462b307b3898aa562993853b9f80a
deps/kotlin/LICENSE	948495f61768f7de26bcc61113d8cd95f50bbc15adb678c28c941c6c8fcd5903
deps/kotlin/src/parser.c	70f193db454cfb1315d17d2d85879619e4b62295325bc4cbd4fe0f9fb96098e1
deps/kotlin/src/scanner.c	e3b307966599ccdbf2a90622adfa7ff6ea21c6353cbb764a99ec430e9cab79c1
deps/kotlin/src/tree_sitter/alloc.h	b29c1c9fb7cc82f58c84b376df1297d6e2737a1d655fd356db0859e3c29c2fea
deps/kotlin/src/tree_sitter/array.h	5bdf6ed1a78e3409fd443e085ca967a64c188a5d082aaf7f819bccd53a471c94
deps/kotlin/src/tree_sitter/parser.h	a1f6ef161fbaf48a0e10fca90ef5290a062462b307b3898aa562993853b9f80a
deps/lua/LICENSE	9a32b02e4c917b1ce6b5e79d8ea81e25cefd7f27d89c7235f2afb262c06cf32e
deps/lua/src/parser.c	933206d96a78f7785c13b2600182f1527dcd755c200b1271bb5bc4d8da4b17b3
deps/lua/src/scanner.c	5e1c8254dbb1d10452982b497b489c7d880d3748f1a879019496ad18be8fd51a
deps/lua/src/tree_sitter/alloc.h	b29c1c9fb7cc82f58c84b376df1297d6e2737a1d655fd356db0859e3c29c2fea
deps/lua/src/tree_sitter/array.h	31e60a1bff6f715afacce03b5b70efe42b58371b4f9595dd4af52a577ff9608c
deps/lua/src/tree_sitter/parser.h	180b893c8734778fd32f372dfbc27bd6ad1cd2221f26150b31256ff6716320d2
deps/markdown/LICENSE	52ec8a1bf8256511e2a92613e0bb41ffefba3897f16fa958d7bb28c466dd4804
deps/markdown/src/parser.c	0f51c93b5d79d08bc74088d91a9aafb7e40ad7e2f169164865c01d392277bb07
deps/markdown/src/scanner.c	d4c2bca9135b38f17f370676603c85344e923d3f4ef33ae355f1c9179e83fb27
deps/markdown/src/tree_sitter/alloc.h	b29c1c9fb7cc82f58c84b376df1297d6e2737a1d655fd356db0859e3c29c2fea
deps/markdown/src/tree_sitter/array.h	31e60a1bff6f715afacce03b5b70efe42b58371b4f9595dd4af52a577ff9608c
deps/markdown/src/tree_sitter/parser.h	180b893c8734778fd32f372dfbc27bd6ad1cd2221f26150b31256ff6716320d2
deps/objc/LICENSE	099c44248f8cf353123211318680e93465587c005a4b3730ce8cb5334de043d6
deps/objc/src/parser.c	9a02110d10eb9e28ea507312f8639c16790cfb5760ce9aad757d564ea571ef8a
deps/objc/src/tree_sitter/alloc.h	b29c1c9fb7cc82f58c84b376df1297d6e2737a1d655fd356db0859e3c29c2fea
deps/objc/src/tree_sitter/array.h	5bdf6ed1a78e3409fd443e085ca967a64c188a5d082aaf7f819bccd53a471c94
deps/objc/src/tree_sitter/parser.h	a1f6ef161fbaf48a0e10fca90ef5290a062462b307b3898aa562993853b9f80a
deps/php/LICENSE	664764fabf40c0b318e06324a5a12379092a2df25b8cbf2415f71bc0bb352346
deps/php/common/scanner.h	de8eb36bc8f517ab9f3eaf82e3825d7b3e11b62e9471545f4c906100cfce0e07
deps/php/php/src/parser.c	59ad8e5e4fde3fe60687a488ab8420612840cc966b83739af1b3a4317ed27ec6
deps/php/php/src/scanner.c	58c92cafe4ebda509c3ad3864fa6fc0e9877bbac26e17a03d23ea2101c291ad5
deps/php/php/src/tree_sitter/alloc.h	b29c1c9fb7cc82f58c84b376df1297d6e2737a1d655fd356db0859e3c29c2fea
deps/php/php/src/tree_sitter/array.h	5bdf6ed1a78e3409fd443e085ca967a64c188a5d082aaf7f819bccd53a471c94
deps/php/php/src/tree_sitter/parser.h	180b893c8734778fd32f372dfbc27bd6ad1cd2221f26150b31256ff6716320d2
deps/python/LICENSE	d724405ce238a22c0d35769c5a36b386ad5958192efe8bbb304fb2896254575f
deps/python/src/parser.c	5df63395433197cb65168e95f5ce705cb1dd4c12a11a85020755a5c4b8b55c21
deps/python/src/scanner.c	411b2357bc1286b171fd042ccb0f640109074cc341d3cd78b5628144887f7ab8
deps/python/src/tree_sitter/alloc.h	b29c1c9fb7cc82f58c84b376df1297d6e2737a1d655fd356db0859e3c29c2fea
deps/python/src/tree_sitter/array.h	5bdf6ed1a78e3409fd443e085ca967a64c188a5d082aaf7f819bccd53a471c94
deps/python/src/tree_sitter/parser.h	a1f6ef161fbaf48a0e10fca90ef5290a062462b307b3898aa562993853b9f80a
deps/ruby/LICENSE	ee006f02a3d856df282e409be2a86e24a65bb573a98b9c28343771141351bb6b
deps/ruby/src/parser.c	4ce468358b6f4e25a35c8cf6bc0eaf60665bc22d602f8c939323c2347255cd15
deps/ruby/src/scanner.c	e7a6196d6e78bf4c6728502e924c867dee5d851c6253e43fcdb8ba169009bc58
deps/ruby/src/tree_sitter/alloc.h	b29c1c9fb7cc82f58c84b376df1297d6e2737a1d655fd356db0859e3c29c2fea
deps/ruby/src/tree_sitter/array.h	4ff743903dc46f5db6aa54f31c6b4d160a8a9779e5b2ab1ee59ae7ebcd850ea1
deps/ruby/src/tree_sitter/parser.h	a1f6ef161fbaf48a0e10fca90ef5290a062462b307b3898aa562993853b9f80a
deps/rust/LICENSE	31d5b6f4243d5c7c6e1c4ebbbb9f6407bd1457a08bcc4f706521710341acba36
deps/rust/src/parser.c	bd34b47f9cce5b4f85153e1180bdb4aa3d2b12fd0c33bb22bcbd9ffc1c3f80d5
deps/rust/src/scanner.c	4ffed5aa1215a77fe578cb84bc87e936d83e52647e1d8fdd45bb2297b0b37dec
deps/rust/src/tree_sitter/alloc.h	b29c1c9fb7cc82f58c84b376df1297d6e2737a1d655fd356db0859e3c29c2fea
deps/rust/src/tree_sitter/array.h	4ff743903dc46f5db6aa54f31c6b4d160a8a9779e5b2ab1ee59ae7ebcd850ea1
deps/rust/src/tree_sitter/parser.h	a1f6ef161fbaf48a0e10fca90ef5290a062462b307b3898aa562993853b9f80a
deps/swift/LICENSE	3533cec129bb4bba015c0d61d86dd7c3b7e82110e4d2ff7837a01eff5bad5ccc
deps/swift/src/parser.c	cd57689a482a162c8f5bb2b33ae199adbdbcdc3fb737acec3dba02d07dbd20a6
deps/swift/src/scanner.c	963c0d3bc8b0617e856ba67c1cd73b06464090f3b56eebcfd5b1ec933350bf2f
deps/swift/src/tree_sitter/alloc.h	253b44a7b4313a7afd0c505c2fc6e7ce4b8e78955ebf4be3ea000532ec060673
deps/swift/src/tree_sitter/array.h	4ff743903dc46f5db6aa54f31c6b4d160a8a9779e5b2ab1ee59ae7ebcd850ea1
deps/swift/src/tree_sitter/parser.h	a1f6ef161fbaf48a0e10fca90ef5290a062462b307b3898aa562993853b9f80a
deps/toml/LICENSE	b727eee929bee836e8102cecf749a795b199f291b58c885bcd81cae727ac5a46
deps/toml/src/parser.c	1991a2608e6f0214e563fe5f762e8df72954dc69a3dd9a1e22ea8a870e4052c3
deps/toml/src/scanner.c	b25ff3b5034f40046e9a041d1e9110aa46d081706bbd1b748b480701aa6f5bde
deps/toml/src/tree_sitter/alloc.h	b29c1c9fb7cc82f58c84b376df1297d6e2737a1d655fd356db0859e3c29c2fea
deps/toml/src/tree_sitter/array.h	4ff743903dc46f5db6aa54f31c6b4d160a8a9779e5b2ab1ee59ae7ebcd850ea1
deps/toml/src/tree_sitter/parser.h	a1f6ef161fbaf48a0e10fca90ef5290a062462b307b3898aa562993853b9f80a
deps/tree_sitter/CMakeLists.txt	14df8a86a2c78b70d8f5072d86f02fb53247c6c3e0d2679fb8769c5aa1eb1e89
deps/tree_sitter/LICENSE	c5cfb43042b6b72045f4ba997834d0a7786d2793d91680868b5815b39f14fc78
deps/tree_sitter/lib/include/tree_sitter/api.h	9abe4cd0c3920510706d1702e5284937d2443a8ba328bc13582894c0e9c5c8d2
deps/tree_sitter/lib/src/alloc.c	c7d15b9015568f439af4adf28ead9e2bd14901221819276727c11227a29576da
deps/tree_sitter/lib/src/alloc.h	2ad7cc5391be8043ffdcc111b9b21b7767f592790fc8389acb6fcee7fd1acb61
deps/tree_sitter/lib/src/array.h	8d09903d836bd4238242e5d3b7e89d560f61a0ddb7dc297677bd190436770d8e
deps/tree_sitter/lib/src/atomic.h	bbc630cb913ac64274ce4412bc9d504174220323993f306ded74abe502867e74
deps/tree_sitter/lib/src/error_costs.h	0e8d1a21e0d60981e762989108231df6610d95591892f631c6c78a9ef831a2ab
deps/tree_sitter/lib/src/get_changed_ranges.c	6fcee7d2663ac67d88b9e79a03ff4854dde1e8d30d3c985d945bad8017532c52
deps/tree_sitter/lib/src/get_changed_ranges.h	f394bd0b6fce006be460fd16cbea3cc96e248c810a4d97e8830463c29c85e4a5
deps/tree_sitter/lib/src/host.h	e1982b9795b9c52b5ab564d8b9876189d65a97ca02f78351e1740b0985992fd2
deps/tree_sitter/lib/src/language.c	785c8271fac8c975f3bc605e98e455da439000c1b016354700719155903709f2
deps/tree_sitter/lib/src/language.h	56e32fb53672609be6e8bfa7e6d0f92ef463fd53d2be910d169a07ee5f03df1b
deps/tree_sitter/lib/src/length.h	7fc186fb4bf50233059e8be9ca68efe95e66d34ced4b8a8f38f14497352faeb1
deps/tree_sitter/lib/src/lexer.c	4c740aa267fce15f3ff10911656276113898c7b53fc1124ff9d028a1ff40df55
deps/tree_sitter/lib/src/lexer.h	7d76308f7a2d3246a3e28fb27698be928f848130d1bfacc39f9f623127671b74
deps/tree_sitter/lib/src/lib.c	4e28f87edb86e5134d36ff7ba7e09a964ba9966a4b620c2735e3572b53c157d3
deps/tree_sitter/lib/src/node.c	356417378bc34c5fe8a96f591467aeaef4a224667aee72593f182d960c6d4393
deps/tree_sitter/lib/src/parser.c	dfd7f71217a23e21af15d2998936377dbec9bdfb42f095e19dc1a6fb3f24e459
deps/tree_sitter/lib/src/parser.h	180b893c8734778fd32f372dfbc27bd6ad1cd2221f26150b31256ff6716320d2
deps/tree_sitter/lib/src/point.c	04a101f16f40a651814c0f307fadf3f351d0f24013fa6d8b89c85bf1c6a5e717
deps/tree_sitter/lib/src/point.h	0929027be2ff54627be560f3bafc1af59e81ac6d5a8d5864455601a0dbee50ff
deps/tree_sitter/lib/src/portable/endian.h	999c2e28ba10a7c4f054de7c830b0558a431d0a4a87c2ac1439a65f4f67f157c
deps/tree_sitter/lib/src/query.c	bf70711c4a8e613fd29d202c48a63349d50e7eadc9260c366c9e56e48b6352c7
deps/tree_sitter/lib/src/reduce_action.h	8f40396e431d7ff558694ca248eed1332b6cf6f7e6255f06cddfde78020bd308
deps/tree_sitter/lib/src/reusable_node.h	10be747ea4c733ca181dc43d55d155ac8e5b8caa247079621cca0ce633347bfb
deps/tree_sitter/lib/src/stack.c	f70b7e5823e82901801193562908037db4c1a73721e48da0fe54cdb2a6b5856d
deps/tree_sitter/lib/src/stack.h	13a2fb028036cf889fa92d55c3d7c0b57ba368a274f20a1961e695207cf3b91c
deps/tree_sitter/lib/src/subtree.c	ec4c8ca9e9957ab1effcf1ba36d6820b751c2ded0276e2d332c787eabb1265c8
deps/tree_sitter/lib/src/subtree.h	93a2acaac1dc7cf9dcf1ad19eae0324d1f6469c9bf142d1c240f796234430d1b
deps/tree_sitter/lib/src/tree.c	06f7fece283fd9eb0eed3209b159ba82dba2daf3b7fbf5959bd21c527d8aac55
deps/tree_sitter/lib/src/tree.h	60591fb35ca078a8bb323004ece0377ac4f4c6cdbd3c4473af6e2b97186e024b
deps/tree_sitter/lib/src/tree_cursor.c	8d94832d6d68784252b2ff4c8abf9c37dd1672d2af9c4ab5588f342ed44b106e
deps/tree_sitter/lib/src/tree_cursor.h	3e8d9671ab1397bcaeb3e0cbf153a61a99e214782b43c09e5cde5a01e8283a1a
deps/tree_sitter/lib/src/ts_assert.h	ac1ec4b7ba388a9d8708feeb6c5c766b2927cecfd6db644b939772e1dc086526
deps/tree_sitter/lib/src/unicode/ICU_SHA	2879b4cf5a2c625c6509c26e341b9c8b0c50fde284113b449e00567bdf4e593c
deps/tree_sitter/lib/src/unicode/LICENSE	6a18c5fac70d7860b57f5b72b4e2c9a1ba6b3d2741eef7ff9767c5379364f10d
deps/tree_sitter/lib/src/unicode/README.md	73bbccbcf2e6648385d188d914b16ae56b4553a0f1efb033e6b6d6242e41df1d
deps/tree_sitter/lib/src/unicode/ptypes.h	a87e9710c9cad7b08a945f4fb8b9d4629189897cc535f8ac927640c210a94b69
deps/tree_sitter/lib/src/unicode/umachine.h	2d79c0903d9e73e247b948bc0a12b6a785257ca0273bddab56fb59561f8d7391
deps/tree_sitter/lib/src/unicode/urename.h	a87e9710c9cad7b08a945f4fb8b9d4629189897cc535f8ac927640c210a94b69
deps/tree_sitter/lib/src/unicode/utf.h	a87e9710c9cad7b08a945f4fb8b9d4629189897cc535f8ac927640c210a94b69
deps/tree_sitter/lib/src/unicode/utf16.h	c370d9069f37fad2b53981c06dc648bbc21923db1655517a31bb237df4fba041
deps/tree_sitter/lib/src/unicode/utf8.h	39651224b2ca2452359c7f3339f3cc0a841fe7db64f8a00c9c5ec19c0389645c
deps/tree_sitter/lib/src/unicode.h	6c974327d7e2a1e9c7f660d56ee3df6d6fbe9944aa0b364567531271783dec9d
deps/tree_sitter/lib/src/wasm/stdlib-symbols.txt	a9396e1f1a0369090ff8a548b38fb7dcd4472d7318f75c937d0e007cc511dc16
deps/tree_sitter/lib/src/wasm/wasm-stdlib.h	6ff87e58973bd8e37972272fb8aa4e81935bdfebe2165c94a2c4f4edb1d41f08
deps/tree_sitter/lib/src/wasm_store.c	cd11708e306a570d36d13a26a2141764ae72b2d6e7d9dbcbd2fdc0a5f2da31ab
deps/tree_sitter/lib/src/wasm_store.h	4f70d0500b0775e5d862a8e7d191b3853d73378c65e020e01767838a18debe0e
deps/tree_sitter/lib/tree-sitter.pc.in	5783887cbbdb0874dcb0924221428d925fcf4d70f500bce2d62a1d93ec6149b4
deps/ts_typescript/LICENSE	49bf33cf78ef5897e4e161ce1517df7de1ae5042a65b6bcfd44401e0fc606559
deps/ts_typescript/common/scanner.h	da66ef2bd14a3f7ea743e25ba068c6c9aae2c3509db200ff80c4a0e6116e564c
deps/ts_typescript/tsx/src/parser.c	1902cb53fa7ff5179df89b2eea863165e84c8cc866226419dc26921d8c055885
deps/ts_typescript/tsx/src/scanner.c	d563cd30b2f39718c9ae4292795c5ce03a2ad01954ba3a86ef84c2781a736673
deps/ts_typescript/tsx/src/tree_sitter/alloc.h	b29c1c9fb7cc82f58c84b376df1297d6e2737a1d655fd356db0859e3c29c2fea
deps/ts_typescript/tsx/src/tree_sitter/array.h	4ff743903dc46f5db6aa54f31c6b4d160a8a9779e5b2ab1ee59ae7ebcd850ea1
deps/ts_typescript/tsx/src/tree_sitter/parser.h	a1f6ef161fbaf48a0e10fca90ef5290a062462b307b3898aa562993853b9f80a
deps/ts_typescript/typescript/src/parser.c	74fe453edd70f4eae9af0a1050cbd7943d8971d59165b6aaebbaa0a0b716d1aa
deps/ts_typescript/typescript/src/scanner.c	9125013b42cb888379d9be909f1d73dfb75a37626c2cdbf4122718a2b431a6d3
deps/ts_typescript/typescript/src/tree_sitter/alloc.h	b29c1c9fb7cc82f58c84b376df1297d6e2737a1d655fd356db0859e3c29c2fea
deps/ts_typescript/typescript/src/tree_sitter/array.h	4ff743903dc46f5db6aa54f31c6b4d160a8a9779e5b2ab1ee59ae7ebcd850ea1
deps/ts_typescript/typescript/src/tree_sitter/parser.h	a1f6ef161fbaf48a0e10fca90ef5290a062462b307b3898aa562993853b9f80a
deps/yaml/LICENSE	2d181298822a124f6d106118dcc69c8d4d26ac668559be29682c452e712b0947
deps/yaml/src/parser.c	8a3baaab33fb63cf9a89f97ec61dbb3ab0d4ef69be9f0f229092c79d129617c9
deps/yaml/src/scanner.c	7dd498acd8770c01c7b3a0ae24fda158cbc15cab31a1324a0ab9f981acf705db
deps/yaml/src/schema.core.c	91e56c3f3ae6fad1803b739ce4eb4568a782a9aec710f733db2f3e38d407a4d5
deps/yaml/src/tree_sitter/alloc.h	b29c1c9fb7cc82f58c84b376df1297d6e2737a1d655fd356db0859e3c29c2fea
deps/yaml/src/tree_sitter/array.h	5bdf6ed1a78e3409fd443e085ca967a64c188a5d082aaf7f819bccd53a471c94
deps/yaml/src/tree_sitter/parser.h	180b893c8734778fd32f372dfbc27bd6ad1cd2221f26150b31256ff6716320d2
gtl_base.hpp	a27095e4035c09fefc636d386211567864db30a6e6f3e02df736e67f94ccec33
gtl_config.hpp	d0e6aace806b3b572118a6e609070f8ac72f94c5bbe36b92818f9f43de01e144
patches/README.md	21ea251cd1d9d36d43e7b93fa9d354dff04cc74659d178e31e1ce14f246b72da
patches/csharp/001-delimiter-count-cast.patch	253936f0c77a3e4df35eb4f251d431b3800a41155379d3f86ce4623b5eed1bde
patches/kotlin/001-stack-push-no-abort.patch	860a8a0f7ba0c1755ffc6ed0e187a1c1c705185c1eeed7e70c7bff6241ea25a0
patches/kotlin/002-triple-dollar-escape.patch	4daf151d23130f2ad526d6901d2ad1607663cab4123048a2b91184196557cb1f
patches/kotlin/003-dollar-run-saturate.patch	51a59477a345d7a741fb643fd30f2c44434f7846fc3e56268e481aefa2ff474a
patches/lua/001-delimiter-count-cast.patch	05c0a9966f97186582bae5367a7c2aff864d04860eb23134a917da0ceb351b9a
patches/markdown/001-serialize-bounds.patch	829141529d347e1ba94c7f995fbe6eecf31827accff811d3186f18c21e03f488
patches/markdown/002-counter-saturate.patch	cac09ccfd35d415940d1e2168f504bbd1d063af425e49ed2e57dc870561caaa1
patches/rust/001-delimiter-count-cast.patch	b73e39ef2daac356a159decbb1145a0cb200a4857d535f2480587c95013c4ca5
patches/swift/001-scanner-raw-str-lookahead-truncation.patch	d4b375262c4ca1b9f1565367e035a481945185e0461d1108fc17f0c979fb89e6
patches/tree_sitter/001-field-error-quantifier-leak.patch	91c3eae03cc974f93547adcc8b48e0d3f745a1f3b4412b02d9ba5b5087daa938
patches/yaml/001-serialize-bounds.patch	d6389f8d8c63d5b56483df71c7b3039b46d0368b8b71d7676a07b6f10b29b725
patches/yaml/002-cursor-wrap-explicit.patch	73bceccb6438efea19773c85135669e1c388cd5a7f4879f2c9d352fe6f7fb3b5
patches/yaml/003-scan-status-enum.patch	a3301cf5d20a02108a795d4c6fcb78e8dfb6e8ccaf12debbf0592f615a7be315
pdqsort.hpp	1916aff237fc7ecc638dec6397662334552a1b6f823fa65011a8dfe831237fc0
phmap_fwd_decl.hpp	d991056c77c974bffc7348b75eb23b68449af7be297e2b85ad4df64c857a715e
stl.h	954c0d08b6e14cc328dd1fdd359333f91a26546e6062c8b03c0b04056296e786
svector.h	d60c6c9b86fc5867a954b160416058d68c09b0e67899e8b70245768b4b6255e8
unordered_dense.h	930f11abf8ba4f476eb56a28bb71897472a3ab7510be809bf00e07e2f73ff2e0
